<?xml version="1.0" encoding="UTF-8"?>
<Configuration>
	<Appenders> <!-- 출력장치 -->
		<Console name="console" target="SYSTEM_OUT">
			<PatternLayout />
		</Console>		
		<RollingFile name="file" fileName="c:/DEV/leeyounjeong.book.log"
			filePattern="c:/DEV/leeyounjeong.book.%d{yyyy-MM-dd-HH-mm-ss}.log"
			append="true">
			<PatternLayout pattern="[%-5p: %d{yyyy/MM/dd HH:mm:ss}] %m%n" />
			<Policies>				
				<TimeBasedTriggeringPolicy interval="86400"/> <!-- 초: 하루 -->
			</Policies>
		</RollingFile>
	</Appenders>

	<!-- FATAL, ERROR, WARN, INFO, DEBUG, TRACE -->
	<Loggers>		
		<Root level="INFO">
			<AppenderRef ref="console" />
			<AppenderRef ref="file" />						
		</Root>
	</Loggers>
</Configuration>